ID,ID (letter),ID_complete,Name,Year,Year,Milestone,Project length,Expected cost,Expected 5309 contribution,Expected other federal funds,Expected opening,Author
100,,100,Downtown-Uptown-Oakland-East End Bus Rapid Transit,2017,PP19,PP19,PP19,PP19,PP19,PP19,PP19,cam
100,,100,Downtown-Uptown-Oakland-East End Bus Rapid Transit,2019,PP19,PP19,PP19,PP19,PP19,PP19,PP19,cam
101,,101,Corridor one Rail MOS,2002,AR07,AR07,AR07,AR07,AR07,AR07,NAV,cam
102,,102,Schuylkill Valley Metro Rail,2002,AR07,AR07,AR07,AR07,AR07,NAV,NAV,cam
103,,103,South/North Corridor (MOS-1),1996,AR97,AR97,AR97,AR97,AR97,NAV,AR97,cam
104,,104,"Portland, Oregon/Westside-Hillsboro Corridor ",1992,AR00,AR00,AR00,AR00,AR00,NAV,AR00,cam
104,,104,"Portland, Oregon/Westside-Hillsboro Corridor ",1996,AR97,AR97,AR97,AR97,AR97,NAV,AR97,cam
104,,104,"Portland, Oregon/Westside-Hillsboro Corridor ",1998,AR98,AR98,AR98,AR98,AR98,NAV,AR98,cam
105,,105,Westside Light Rail to 185th,1992,AR97,AR97,AR97,AR97,AR97,NAV,AR97,cam
106,,106,South Corridor I-205 / Portland Mall LRT ,2004,AR07,AR07,AR07,AR07,AR07,NAV,NAV,cam
106,,106,South Corridor I-205 / Portland Mall LRT ,2007,AR10,AR10,AR10,AR10,AR10,AR10,AR10,cam
106,,106,South Corridor I-205 / Portland Mall LRT ,2009,AR12,AR12,NAV,NAV,NAV,NAV,AR12,cam
107,,107,Portland-Milwaukie Light Rail Project,2011,AR13,AR13,AR13,AR13,AR13,AR13,AR13,cam
107,,107,Portland-Milwaukie Light Rail Project,2009,AR10,AR10,AR10,AR10,AR10,AR10,AR10,cam
107,,107,Portland-Milwaukie Light Rail Project,2012,AR16,AR16,AR16,AR16,AR16,AR16,AR16,cam
108,,108,Columbia River Crossing Project,2009,AR11,AR11,AR11,AR11,AR11,AR11,AR11,cam
108,,108,Columbia River Crossing Project,2011,AR12,AR12,AR12,AR12,AR12,AR12,AR12,cam
108,,108,Columbia River Crossing Project,2013,AR13,AR13,AR13,AR13,AR13,AR13,AR13,cam
108,,108,Columbia River Crossing Project,2014,AR14,AR14,AR14,AR14,AR14,AR14,AR14,cam
109,,109,Columbia River Crossing Project,2014,AR15,AR15,AR15,AR15,AR15,AR15,AR15,cam
110,,110,Powell-Division Transit and Development ,2015,PP18,PP18,PP18,NAV,PP18,NAV,PP18,cam
111,,111,TriMet Interstate MAX Light Rail ,1996,BA08,BA08,AR00,AR00,AR00,NAV,NAV,cam
111,,111,TriMet Interstate MAX Light Rail ,2000,AR07,AR07,BA08,AR07,AR07,NAV,NAV,cam
111,,111,TriMet Interstate MAX Light Rail ,2000,BA08,BA08,BA08,AR07,AR07,NAV,NAV,cam
111,,111,TriMet Interstate MAX Light Rail ,2004,BA08,BA08,AR05,AR05,AR05,NAV,AR05,cam
111,,111,TriMet Interstate MAX Light Rail ,2004,AR07,AR07,AR07,AR07,AR07,AR07,AR07,cam
112,,112,MAX Red Line Extension and Reliability Improvements,2019,PP19,AR21,PP19,AR21,AR21,NAV,PP19,cam
112,,112,MAX Red Line Extension and Reliability Improvements,2021,AR22,AR22,NAV,AR22,AR22,NAV,NAV,cam
112,,112,MAX Red Line Extension and Reliability Improvements,2021,AR23,AR23,NAV,NAV,NAV,NAV,NAV,cam
113,,113,Westside Express Service Rail Project ,2001,AR02,AR02,AR02,AR02,AR02,AR02,BA13,cam
113,,113,Westside Express Service Rail Project ,2004,BA13,BA13,AR06,AR06,AR06,NAV,BA13,cam
113,,113,Westside Express Service Rail Project ,2006,BA13,BA13,AR07,BA13,AR07,NAV,BA13,cam
113,,113,Westside Express Service Rail Project ,2008,BA13,BA13,NAV,NAV,NAV,NAV,NAV,cam
113,,113,Westside Express Service Rail Project ,2009,BA13,BA13,BA13,BA13,NAV,NAV,NA,cam
114,,114,Green Line Light Rail Project ,2004,BA14,BA14,NAV,BA14,NAV,NAV,BA14,cam
114,,114,Green Line Light Rail Project ,2005,BA14,BA14,NAV,NAV,NAV,NAV,BA14,cam
114,,114,Green Line Light Rail Project ,2007,BA14,BA14,BA14,NAV,NAV,NAV,BA14,cam
114,,114,Green Line Light Rail Project ,2009,BA14,BA14,BA14,NAV,NAV,NAV,BA14,cam
115,,115,StreetcARLoop Project ,2007,BA16,BA16,BA16,BA16,NAV,NAV,BA16,cam
115,,115,StreetcARLoop Project ,2009,BA16,BA16,BA16,BA16,NAV,NAV,BA16,cam
115,,115,StreetcARLoop Project ,2012,BA16,BA16,BA16,BA16,NAV,NAV,BA16,cam
117,,117,Southwest Corridor Light Rail Transit Project,2019,PP19,PP19,PP19,PP19,PP19,NAV,PP19,cam
118,,118,Pioneer Parkway EmX BRT ,2006,AR10,AR10,AR10,NAV,NAV,NAV,AR10,cam
118,,118,Pioneer Parkway EmX BRT ,2008,AR10,AR10,AR10,AR10,AR10,AR10,AR10,cam
118,,118,Pioneer Parkway EmX BRT ,2010,AR10,AR10,AR10,NAV,NAV,NAV,AR10,cam
119,,119,West Eugene EmX Extension,2012,AR16,AR16,AR16,AR16,AR16,NA,AR16,cam
119,,119,West Eugene EmX Extension,2017,AR17,AR17,NAV,NAV,NAV,NAV,NAV,cam
120,,120,Cleveland (Euclid Corridor) ,2000,AR02,AR02,AR02,AR02,AR02,AR02,AR02,cam
120,,120,Cleveland (Euclid Corridor) ,2005,AR05,AR05,AR05,AR05,AR05,AR05,AR05,cam
121,,121,Interstate 71 corridor (MOS-1),1998,AR02,AR02,AR02,AR02,AR02,AR02,NAV,cam
121,,121,Interstate 71 corridor (MOS-1),2003,AR04,AR04,AR06,AR04,AR04,NAV,NAV,cam
122,,122,Cleveland Avenue Bus Rapid Transit (aka Northeast Corridor BRT Project),2013,AR14,AR14,AR14,AR14,AR14,NAV,AR14,cam
122,,122,Cleveland Avenue Bus Rapid Transit (aka Northeast Corridor BRT Project),2016,AR18,AR18,PP17,PP17,PP17,NAV,PP17,cam
123,,123,Northeast Corridor LRT ,2012,AR14,AR14,NAV,AR14,AR14,NAV,AR14,cam
126,,126,Alaska Rail Road - South Wasilla Track Realignment ,2005,AR05,NAV,NAV,AR05,AR05,NAV,NAV,cam
127,,127,South Anchorage Double Track ,2003,AR03,NAV,NAV,AR03,AR03,NAV,NAV,cam
129,,129,Norfolk -Virginia Beach Corridor,1997,AR00,AR00,AR00,AR00,AR00,NAV,NAV,cam
129,,129,Norfolk -Virginia Beach Corridor,1999,AR07,AR07,NAV,NAV,NAV,NAV,NAV,cam
130,,130,Norfolk LRT - The Tide Light Rail,2002,BA15,BA15,BA15,BA15,NAV,NAV,BA15,cam
130,,130,Norfolk LRT - The Tide Light Rail,2006,BA15,BA15,BA15,BA15,NAV,NAV,BA15,cam
130,,130,Norfolk LRT - The Tide Light Rail,2007,BA15,BA15,BA15,BA15,NAV,NAV,BA15,cam
130,,130,Norfolk LRT - The Tide Light Rail,2011,BA15,BA15,BA15,BA15,NAV,NAV,BA15,cam
131,,131,West End Transitway,2016,PP18,PP18,PP18,PP18,NAV,NAV,PP18,cam
132,,132,Richmond Highway BRT Project,2022,AR22,AR22,NAV,AR22,AR22,NAV,NAV,cam
133,,133,Seattle-Tacoma Sounder Commuter Rail ,1998,AR00,AR00,AR00,NAV,NAV,NAV,AR00,cam
133,,133,Seattle-Tacoma Sounder Commuter Rail ,1998,AR00,AR00,AR00,AR00,AR00,NAV,AR00,cam
134,,134,Central Link Initial Segment (Initial),1997,AR00,BA13,AR00,AR00,AR00,NA,NAV,cam
134,,134,Central Link Initial Segment (Initial),2000,BA13,BA13,NAV,NAV,NAV,NAV,NAV,cam
134,,134,Central Link Initial Segment (Initial),2001,AR02,AR02,AR02,AR02,AR02,NA,NAV,cam
134,,134,Central Link Initial Segment (Initial),2003,BA13,BA13,AR08,AR08,NAV,NAV,NAV,cam
134,,134,Central Link Initial Segment (Initial),2008,BA13,BA13,BA13,NAV,BA13,NAV,NAV,cam
134,,134,Central Link Initial Segment (Initial),2009,BA13,BA13,BA13,BA13,NAV,NAV,BA13,cam
135,,135,Roosevelt RapidRide BRT ,2019,AR19,AR19,NAV,AR19,AR19,NAV,NAV,cam
135,,135,Roosevelt RapidRide BRT ,2020,AR20,AR20,NAV,AR20,AR20,NAV,NAV,cam
136,,136,University Link LRT Extension,2005,BA13,BA13,AR07,AR07,AR07,NAV,AR07,cam
136,,136,University Link LRT Extension,2006,BA13,BA13,AR09,AR09,AR09,NAV,AR09,cam
136,,136,University Link LRT Extension,2009,BA13,BA13,AR10,BA13,AR10,AR10,AR10,cam
136,,136,University Link LRT Extension,2016,BA13,BA13,BA13,BA13,NAV,NAV,BA13,cam
137,,137,Lynnwood Link Extension,2013,AR15,AR15,AR15,AR15,AR15,NAV,AR15,cam
137,,137,Lynnwood Link Extension,2016,AR17,AR17,AR17,AR17,AR17,NAV,NAV,cam
137,,137,Lynnwood Link Extension,2018,PP21,PP21,PP21,PP21,PP21,PP21,PP21,cam
138,,138,Center City Connector Streetcar,2018,AR16,AR16,AR16,AR16,AR16,NAV,AR16,cam
138,,138,Center City Connector Streetcar,2018,AR18,AR18,NAV,AR18,AR18,NAV,NAV,cam
138,,138,Center City Connector Streetcar,2019,AR19,AR19,NAV,AR19,AR19,NAV,NAV,cam
138,,138,Center City Connector Streetcar,2020,AR20,AR20,NAV,AR20,AR20,NAV,NAV,cam
138,,138,Center City Connector Streetcar,2021,AR21,AR21,NAV,AR21,AR21,NAV,NAV,cam
139,,139,Federal Way Link Extension,2016,PP18,PP18,PP18,PP18,PP18,PP18,PP18,cam
139,,139,Federal Way Link Extension,2019,PP21,PP21,NAV,NAV,NAV,NAV,NAV,cam
139,,139,Federal Way Link Extension,2020,PP21,PP21,PP21,PP21,PP21,NA,PP21,cam
140,,140,Madison Street Corridor BRT,2019,PP19,PP19,PP19,PP19,PP19,PP19,PP19,cam
140,,140,Madison Street Corridor BRT,2020,PP19,PP19,PP19,PP19,PP19,PP19,PP19,cam
144,,144,Everett to Seattle Commuter Rail,2006,AR06,AR06,AR06,AR06,AR06,AR06,AR06,cam
146,,146,Rapid Ride I,2021,AR21,AR21,NAV,AR21,NAV,NAV,NAV,cam
146,,146,Rapid Ride I,2022,AR22,AR22,NAV,AR22,AR22,NAV,NAV,cam
147,,147,Rapid Ride K,2021,AR21,AR21,NAV,AR21,NAV,NAV,NAV,cam
148,,148,Mill Plain Bus Rapid Transit,2020,AR20,AR20,NAV,AR20,AR20,NAV,NAV,cam
148,,148,Mill Plain Bus Rapid Transit,2021,AR21,AR21,NAV,AR21,AR21,NAV,NAV,cam
149,,149,Fourth Plain Bus Rapid Transit,2015,AR15,AR15,AR15,AR15,AR15,AR15,AR15,cam
149,,149,Fourth Plain Bus Rapid Transit,2016,AR16,AR16,AR16,AR16,AR16,AR16,AR16,cam
150,,150,Swift II,2014,AR16,AR16,AR16,AR16,AR16,NAV,AR16,cam
150,,150,Swift II,2016,AR17,AR17,NAV,AR17,AR17,NAV,NAV,cam
150,,150,Swift II,2017,AR18,AR18,NAV,AR18,AR18,NAV,NAV,cam
150,,150,Swift II,2018,AR19,AR19,NAV,AR19,AR19,NAV,NAV,cam
151,,151,Tacoma Link Light Rail Expansion,2016,AR16,AR16,AR16,AR16,AR16,AR16,AR16,cam
151,,151,Tacoma Link Light Rail Expansion,2017,AR17,AR17,NAV,AR17,AR17,NAV,NAV,cam
151,,151,Tacoma Link Light Rail Expansion,2018,AR18,AR18,NAV,AR18,AR18,NAV,NAV,cam
151,,151,Tacoma Link Light Rail Expansion,2019,AR19,AR19,NAV,AR19,AR19,NAV,NAV,cam
152,,152,Lakewood to Tacoma Commuter Rail,2006,AR06,AR06,AR06,AR06,NAV,NAV,AR06,cam
153,,153,Pacific Avenue/SR 7 Corridor,2020,AR20,AR20,NAV,AR20,AR20,NAV,NAV,cam
153,,153,Pacific Avenue/SR 7 Corridor,2021,AR21,AR21,NAV,AR21,AR21,NAV,NAV,cam
153,,153,Pacific Avenue/SR 7 Corridor,2022,AR22,AR22,NAV,AR22,AR22,NAV,NAV,cam
154,,154,Central City Line,2017,AR17,AR17,NAV,AR17,NAV,NAV,NAV,cam
154,,154,Central City Line,2019,AR19,AR19,NAV,AR19,AR19,NAV,NAV,cam
155,,155,Metra North Central Corridor,2005,AR05,AR05,AR05,AR05,AR05,NAV,AR05,cam
156,,156,Metra South West Corridor,2004,AR05,AR05,AR05,AR05,AR05,NAV,AR05,cam
157,,157,Central Area Circulator,1995,AR97,AR97,AR97,AR97,AR97,NAV,NAV,cam
158,,158,Ravenswood Line Extension,2003,AR07,AR07,AR07,AR07,AR07,AR07,AR07,cam
158,,158,Ravenswood Line Extension,2004,AR08,AR08,AR08,AR08,AR08,AR08,AR08,cam
158,,158,Ravenswood Line Extension,2005,AR03,AR03,AR03,AR03,AR03,AR03,NAV,cam
158,,158,Ravenswood Line Extension,2007,AR04,AR04,AR04,AR04,AR04,AR04,NAV,cam
158,,158,Ravenswood Line Extension,2008,AR05,AR05,AR05,AR05,AR05,NAV,NAV,cam
159,,159,Ashland Avenue BRT Phase I,2014,AR16,AR16,AR16,AR16,AR16,NAV,NAV,cam
160,,160,Red and Purple Line Modernization Project ,2013,AR15,AR15,AR15,AR15,AR15,NAV,NAV,cam
161,,161,Red and Purple Line Modernization Project Phase I,2014,AR15,AR15,AR15,AR15,NAV,NAV,AR15,cam
161,,161,Red and Purple Line Modernization Project Phase I,2015,AR16,AR16,AR16,AR16,AR16,NAV,NAV,cam
161,,161,Red and Purple Line Modernization Project Phase I,2016,AR18,AR18,AR18,AR18,AR18,NAV,NAV,cam
200,,200,Mason Transportation Corridor,2001,AR03,AR03,AR03,AR03,AR03,AR03,NAV,am
200,,200,Mason Transportation Corridor,2007,AR11,AR11,AR11,AR11,AR11,AR11,NAV,am
201,,201,San Fernando Valley East-West Transit Corridor,2000,AR02,AR02,AR02,AR02,AR02,AR02,NAV,am
202,,202,Mid-City/Exposition LRT,2001,AR03,AR03,AR03,AR03,AR03,AR03,NAV,am
203,,203,East Central Corridor,1993,AR95,AR95,AR95,AR95,AR95,AR95,NAV,am
204,,204,Eastside Corridor LRT,2000,AR02,AR02,AR02,AR02,AR02,AR02,NAV,am
205,a,205a,MOS-3 North Hollywood Extension,1993,AR98,AR98,AR98,AR98,AR98,AR98,AR98,am
205,a,205a,MOS-3 North Hollywood Extension,1993,AR02,AR02,AR02,AR02,AR02,AR02,AR02,am
205,c,205c,MOS-3 The Mid-City Extension,1993,AR97,AR97,AR97,AR97,NAV,NAV,AR98,am
205,b,205b,MOS-3 East Side Extension,1997,AR97,AR97,AR97,AR97,NAV,NAV,NAV,am
205,,205,MOS-3 ,2000,AR97,AR97,AR97,AR97,AR97,AR97,NAV,am
206,,206,Eastside Corridor Extension Phase 2,1993,AR97,AR97,AR97,AR97,AR97,AR97,AR97,am
207,,207,LOSSAN Rail Corridor Improvement Project ,1997,AR97,AR97,AR97,AR97,AR97,AR97,NAV,am
208,,208,Metro Gold Line Eastside Extension ,2000,AR10,AR10,AR10,AR10,AR10,AR10,AR10,am
208,,208,Metro Gold Line Eastside Extension ,2002,BA13,BA13,BA13,BA13,BA13,BA13,BA13,am
208,,208,Metro Gold Line Eastside Extension ,2004,BA13,BA13,BA13,BA13,BA13,BA13,BA13,am
208,,208,Metro Gold Line Eastside Extension ,2009,BA13,BA13,BA13,BA13,BA13,BA13,BA13,am
209,,209,Regional Connector,2011,PP18,PP18,PP18,PP18,PP18,PP18,PP18,am
209,,209,Regional Connector,2014,PP18,PP18,PP18,PP18,PP18,PP18,PP18,am
210,,210,Westside Subway Extension Section 1,2011,AR13,AR13,AR13,AR13,AR13,AR13,AR13,am
211,,211,Westside Purple Line Extension Section 1,2011,PP20,PP20,PP20,PP20,PP20,PP20,PP20,am
211,,211,Westside Purple Line Extension Section 2,2014,PP20,PP20,PP20,PP20,PP20,PP20,PP20,am
212,,212,Westside Purple Line Extension Section 2,2014,PP20,PP20,PP20,PP20,PP20,PP20,PP20,am
212,,212,Westside Purple Line Extension Section 3,2016,PP20,PP20,PP20,PP20,PP20,PP20,PP20,am
213,,213,Westside Purple Line Extension Section 3,2018,PP19,PP19,PP19,PP19,PP19,PP19,PP19,am
214,,214,Downtown Los Angeles Streetcar,2013,AR16,AR16,AR16,AR16,AR16,AR16,NAV,am
215,,215,BART Airport Extension ,1997,AR99,AR99,AR99,AR99,AR99,AR99,AR99,am
215,,215,BART Airport Extension ,1997,AR05,AR05,AR05,AR05,AR05,AR05,AR05,am
215,,215,BART Airport Extension ,2003,AR97,AR97,AR97,AR97,AR97,AR97,NAV,am
216,,216,San Francisco (Bayshore) ,1996,AR98,AR98,AR98,AR98,AR98,AR98,AR98,am
217,,217,Central Subway LRT ,2002,AR04,AR04,AR04,AR04,AR04,AR04,AR04,am
217,,217,Central Subway LRT ,2009,AR11,AR11,AR11,AR11,AR11,AR11,AR11,am
218,,218,Third Street Light Rail Phase 1 ,1996,AR02,AR02,AR02,AR02,AR02,AR02,AR02,am
218,,218,Third Street Light Rail Phase 2,2000,AR02,AR02,AR02,AR02,AR02,AR02,AR02,am
219,,219,Third Street Light Rail Phase 2 – Central Subway,2002,AR13,AR13,AR13,AR13,AR13,AR13,AR13,am
219,,219,Third Street Light Rail Phase 2 – Central Subway,2010,AR13,AR13,AR13,AR13,AR13,AR13,AR13,am
219,,219,Third Street Light Rail Phase 2 – Central Subway,2012,AR15,AR15,AR15,AR15,AR15,AR15,AR15,am
220,,220,Van Ness Avenue BRT ,2007,AR14,AR14,AR14,AR14,AR14,AR14,AR14,am
220,,220,Van Ness Avenue BRT ,2016,AR16,AR16,AR16,AR16,AR16,AR16,AR16,am
221,,221,Transbay Corridor ,2015,PP19,PP19,PP19,PP19,PP19,PP19,PP19,am
221,,221,Transbay Corridor ,2019,PP19,PP19,PP19,PP19,PP19,PP19,PP19,am
222,,222,South corridor (IOS-1),1997,AR99,AR99,AR99,AR99,AR99,AR99,AR99,am
222,,222,South corridor (IOS-1),1997,AR02,AR02,AR02,AR02,AR02,AR02,AR02,am
223,,223,South  Corridor Phase Light Rail Transit Extension,2005,AR14,AR14,AR14,AR14,AR14,AR14,AR14,am
223,,223,South  Corridor Phase Light Rail Transit Extension,2012,AR07,AR07,AR07,AR07,AR07,AR07,NAV,am
224,,224,Downtown Riverfront Streetcar,2014,AR16,AR16,AR16,AR16,AR16,AR16,AR16,am
225,,225,Tasman LRT (West Extension),1992,AR95,AR95,AR95,AR95,AR95,AR95,NAV,am
226,,226,Tasman LRT (West Extension) Phase 2,1992,AR98,AR98,AR98,AR98,AR98,AR98,AR98,am
226,,226,Tasman LRT (West Extension) Phase 3,1996,AR02,AR02,AR02,AR02,AR02,AR02,AR02,am
226,,226,Tasman LRT (West Extension) Phase 1,1999,AR97,AR97,AR97,AR97,AR97,AR97,NAV,am
227,,227,El Camino Real Corridor BRT Project ,2014,AR15,AR15,AR15,AR15,AR15,AR15,AR15,am
228,,228,Silicon Valley Berryessa Extension Project,2002,AR14,AR14,AR14,AR14,AR14,AR14,AR14,am
228,,228,Silicon Valley Berryessa Extension Project,2011,AR04,AR04,AR04,AR04,AR04,AR04,NAV,am
228,,228,Silicon Valley Berryessa Extension Project,2012,AR13,AR13,AR13,AR13,AR13,AR13,NAV,am
229,,229,Silicon Valley Phase II,2016,PP18,AR18,PP18,AR18,AR18,AR18,PP18,am
230,,230,Mid Coast Corridor (LR),1996,AR98,AR98,AR98,AR98,AR98,AR98,NAV,am
231,,231,Oceanside-Escondido Rail Corridor ,2000,AR00,AR00,AR00,AR00,AR00,AR00,NAV,am
232,,232,I-405/SR-55 Transitway and Direct Access HOV Ramps ,1998,AR98,AR98,AR98,AR98,AR98,AR98,AR98,am
233,,233,CenterLine LRT Project ,1998,AR02,AR02,AR02,AR02,AR02,AR02,NAV,am
234,,234,"San Diego County, California/Mission Valley East ",1998,AR04,AR04,AR04,AR04,AR04,AR04,AR04,am
234,,234,"San Diego County, California/Mission Valley East ",1998,AR07,AR07,AR07,AR07,AR07,AR07,AR07,am
234,,234,"San Diego County, California/Mission Valley East ",2000,AR00,AR00,AR00,AR00,AR00,AR00,NAV,am
234,,234,"San Diego County, California/Mission Valley East ",2005,AR01,AR01,AR01,AR01,AR01,AR01,NAV,am
235,,235,Mid-Coast Corridor Transit Project,2011,AR14,AR14,AR14,AR14,AR14,AR14,AR14,am
235,,235,Mid-Coast Corridor Transit Project,2012,AR14,AR14,AR14,AR14,AR14,AR14,AR14,am
235,,235,Mid-Coast Corridor Transit Project,2015,PP20,PP20,PP20,AR17,AR17,AR17,PP20,am
235,,235,Mid-Coast Corridor Transit Project,2016,PP20,PP20,PP20,AR18,AR18,AR18,PP20,am
235,,235,Mid-Coast Corridor Transit Project,2016,PP20,PP20,PP20,PP20,PP20,PP20,PP20,am
236,,236,Caltrain Peninsula Corridor Electrification Project ,2015,AR17,AR17,AR17,AR17,AR17,AR17,NAV,am
236,,236,Caltrain Peninsula Corridor Electrification Project ,2016,PP20,PP20,PP20,PP20,PP20,PP20,PP20,am
236,,236,Caltrain Peninsula Corridor Electrification Project ,2017,PP20,PP20,PP20,PP20,PP20,PP20,PP20,am
237,,237,Blackstone/Kings Canyon Bus Rapid Transit,2010,AR15,AR15,AR15,AR15,AR15,AR15,AR15,am
237,,237,Blackstone/Kings Canyon Bus Rapid Transit,2015,AR16,AR17,AR16,AR16,AR16,AR16,AR16,am
238,,238,Garden Grove Streetcar,2015,AR15,AR15,AR15,AR15,AR15,AR15,PP19,am
238,,238,Garden Grove Streetcar,2016,AR16,AR16,AR16,AR16,AR16,AR16,PP19,am
239,,239,East Bay BRT,2008,AR13,AR13,AR13,AR13,AR13,AR13,AR13,am
240,,240,San Rafael to Larkspur Regional Connection,2013,AR15,AR15,AR15,AR15,AR15,AR15,AR16,am
241,,241,Redlands Passenger Rail Project,2016,PP18,PP18,PP18,PP18,PP18,PP18,PP18,am
242,,242,SPRINTER Light Rail (Oceanside-Escondido) ,2000,AR03,AR03,AR03,AR03,AR03,AR03,AR03,am
242,,242,SPRINTER Light Rail (Oceanside-Escondido) ,2002,AR05,AR05,AR05,AR05,AR05,AR05,AR05,am
242,,242,SPRINTER Light Rail (Oceanside-Escondido) ,2008,BA11,BA11,BA11,BA11,BA11,BA11,BA11,am
243,,243,South LRT,1995,AR97,AR97,AR97,AR97,AR97,AR97,AR97,am
243,,243,South LRT,1997,AR99,AR99,AR99,AR99,AR99,AR99,AR99,am
243,,243,South LRT,1999,AR04,AR04,AR04,AR04,AR04,AR04,AR04,am
244,,244,Downtown connector ,1998,AR00,AR00,AR00,AR00,AR00,AR00,AR00,am
245,,245,Mid-Jordan LRT ,2007,BA16,BA16,BA16,BA16,NAV,BA16,BA16,am
245,,245,Mid-Jordan LRT ,2008,AR11,AR11,AR11,BA16,NAV,AR11,NAV,am
245,,245,Mid-Jordan LRT ,2009,AR11,AR11,AR11,AR11,AR11,AR11,NAV,am
245,,245,Mid-Jordan LRT ,2011,AR10,AR10,AR10,AR10,AR10,AR10,NAV,am
246,,246,Weber County to Salt Lake City Commuter Rail ,2003,AR05,AR05,AR07,AR05,AR05,AR05,AR07,am
246,,246,Weber County to Salt Lake City Commuter Rail ,2005,AR07,AR07,AR07,AR07,AR07,AR07,AR07,am
246,,246,Weber County to Salt Lake City Commuter Rail ,2006,AR07,AR07,AR07,AR07,AR07,AR07,AR07,am
246,,246,Weber County to Salt Lake City Commuter Rail ,2008,AR10,AR10,AR10,AR10,AR10,AR10,AR10,am
301,,301,Canal StreetcARSpine ,1995,AR00,AR00,AR00,AR00,AR00,NAV,AR01,mwj
301,,301,Canal StreetcARSpine ,1997,AR05,AR05,AR05,AR05,AR05,NAV,AR05,mwj
301,,301,Canal StreetcARSpine ,2003,AR97,AR97,AR97,AR97,AR97,NAV,NAV,mwj
301,,301,Canal StreetcARSpine ,2004,https://en.wikipedia.org/wiki/Canal_Streetcar_Line,NAV,NAV,NAV,NAV,NAV,NAV,mwj
302,,302,CBD to university LRT ,1998,AR02,AR03,AR03,AR03,AR03,AR03,AR03,mwj
302,,302,CBD to university LRT ,2000,AR05,AR05,AR05,AR05,AR05,AR05,AR05,mwj
302,,302,CBD to university LRT ,2000,AR05,AR01,AR01,AR01,AR01,NAV,NAV,mwj
302,,302,CBD to university LRT ,2002,AR05,AR05,AR05,NAV,NAV,NAV,NAV,mwj
303,,303,Central Avenue Bus Rapid Transit Project,2016,PP19,PP19,PP19,PP19,PP19,NAV,PP19,mwj
304,,304,"Central Broward Transit Study, Phase I ",2015,https://www.broward.org/BCT/Documents/BCT_2020-29-TDPAnnualUpdate.pdf,NAV,NAV,NAV,NAV,NAV,NAV,mwj
304,,304,"Central Broward Transit Study, Phase I ",2018,AR17,PP15,PP15,NAV,NAV,NAV,PP15,mwj
305,,305,Central Florida Commuter Rail Transit – Initial Operating Segment,2007,AR13,AR13,AR13,AR13,AR13,NAV,AR14,mwj
305,,305,Central Florida Commuter Rail Transit – Initial Operating Segment,2008,BA19,BA19,BA19,BA19,NAV,NAV,BA19,mwj
305,,305,Central Florida Commuter Rail Transit – Initial Operating Segment,2011,AR13,AR13,AR13,AR13,AR13,NAV,NAV,mwj
305,,305,Central Florida Commuter Rail Transit – Initial Operating Segment,2014,AR13,AR13,AR13,AR13,AR13,NAV,NAV,mwj
306,,306,Desire StreetcARLine ,2000,AR02,AR02,AR02,AR02,AR02,AR02,NAV,mwj
307,,307,Draper Transit Corridor ,2009,AR13,AR11,AR11,AR13,AR13,AR13,AR13,mwj
307,,307,Draper Transit Corridor ,2011,AR13,AR11,AR11,AR11,AR11,NAV,NAV,mwj
307,,307,Draper Transit Corridor ,2013,https://www.hdrinc.com/portfolio/draper-transit-corridor-environmental-impact-statement,https://www.hdrinc.com/portfolio/draper-transit-corridor-environmental-impact-statement,https://www.hdrinc.com/portfolio/draper-transit-corridor-environmental-impact-statement,NAV,NAV,NAV,NAV,mwj
308,,308,JTA BRT East Corridor,2015,PP16,PP16,PP16,PP16,PP16,NAV,NAV,mwj
308,,308,JTA BRT East Corridor,2019,AR20,AR20,AR20,AR20,AR20,NAV,NAV,mwj
309,,309,East-West Corridor/Miami Intermodal Center ,1995,AR97,AR97,AR97,AR97,AR97,AR97,AR97,mwj
309,b,309b,East-West Corridor/Miami Intermodal Center (MOS),1995,AR00,AR00,AR00,AR00,AR00,NAV,AR00,mwj
309,b,309b,East-West Corridor/Miami Intermodal Center (MOS),1996,AR98,AR98,AR98,AR98,AR98,NAV,NAV,mwj
309,,309,East-West Corridor/Miami Intermodal Center ,1998,AR00,AR00,AR00,AR00,AR00,AR00,NAV,mwj
309,b,309b,East-West Corridor/Miami Intermodal Center (MOS),1998,AR98,AR98,AR98,AR98,AR98,NAV,NAV,mwj
310,b,310b,Flagler to duPont Place - ASE Extension,1991,AR97,AR97,AR97,AR97,AR97,AR97,AR97,mwj
310,,310,Flagler to duPont Place ,1994,AR98,AR98,AR98,AR98,AR98,NAV,AR98,mwj
311,,311,FrontRunner North Rail Project ,2003,BA13,BA13,BA13,NAV,NAV,NAV,BA13,mwj
311,,311,FrontRunner North Rail Project ,2005,BA13,BA13,BA13,BA13,NAV,NAV,NAV,mwj
311,,311,FrontRunner North Rail Project ,2006,BA13,BA13,BA13,BA13,NAV,NAV,NAV,mwj
311,,311,FrontRunner North Rail Project ,2008,BA13,BA13,BA13,BA13,NAV,NAV,NAV,mwj
312,,312,Hudson Tunnel,2016,PP21,PP21,PP21,PP21,PP21,PP21,PP21,mwj
313,a,313a,Hudson-Bergen Waterfront Light Rail Transit System (MOS-1),1993,AR98,AR97,AR97,AR97,AR97,AR97,AR97,mwj
313,a,313a,Hudson-Bergen Waterfront Light Rail Transit System (MOS-1),1993,AR05,AR05,AR05,AR05,AR05,AR05,AR05,mwj
313,b,313b,Hudson-Bergen Waterfront Light Rail Transit System (MOS-2),1996,AR10,AR10,AR10,AR10,AR10,AR10,AR10,mwj
313,a,313a,Hudson-Bergen Waterfront Light Rail Transit System (MOS-1),1998,AR97,AR97,AR97,NAV,NAV,NAV,NAV,mwj
313,b,313b,Hudson-Bergen Waterfront Light Rail Transit System (MOS-2),2000,AR01,AR01,AR01,AR01,AR01,AR01,NAV,mwj
313,b,313b,Hudson-Bergen Waterfront Light Rail Transit System (MOS-2),2002,https://www.state.nj.us/transportation/about/press/2003/110603.shtm,NAV,NAV,https://www.state.nj.us/transportation/about/press/2003/110603.shtm,NAV,NAV,NAV,mwj
313,,313,Hudson-Bergen Waterfront Light Rail Transit System ,2003,AR97,AR97,AR97,AR97,AR97,NAV,NAV,mwj
314,,314,I-35 Commuter Rail ,1999,AR02,AR02,AR02,AR02,AR02,NAV,NAV,mwj
315,,315,JTA BRT North Corridor,2010,AR14,AR14,AR14,AR14,AR14,NAV,AR14,mwj
315,,315,JTA BRT North Corridor,2016,AR17,AR17,AR17,NAV,NAV,NAV,NAV,mwj
316,,316,JTA BRT Southeast Corridor,2011,AR14,AR14,AR14,AR14,AR14,NAV,AR14,mwj
317,,317,Largo Metrorail Extension ,1996,AR05,AR05,AR05,AR05,AR05,NAV,AR05,mwj
317,,317,Largo Metrorail Extension ,2000,AR97,AR97,AR97,AR97,AR97,AR97,NAV,mwj
318,,318,"Martin Luther King, Jr. East Busway Extension ",1994,AR00,AR00,AR00,AR00,AR00,AR00,NAV,mwj
318,,318,"Martin Luther King, Jr. East Busway Extension ",1996,https://pittsburgh.pahighways.com/busways/ebusway.html,https://pittsburgh.pahighways.com/busways/ebusway.html,https://pittsburgh.pahighways.com/busways/ebusway.html,https://pittsburgh.pahighways.com/busways/ebusway.html,NAV,NAV,NAV,mwj
318,,318,"Martin Luther King, Jr. East Busway Extension ",2003,https://pittsburgh.pahighways.com/busways/ebusway.html,https://pittsburgh.pahighways.com/busways/ebusway.html,https://pittsburgh.pahighways.com/busways/ebusway.html,https://pittsburgh.pahighways.com/busways/ebusway.html,NAV,NAV,NAV,mwj
319,,319,Miami (North 27th Avenue Corridor) ,1995,AR97,AR97,AR97,AR97,AR97,AR97,NAV,mwj
319,,319,Miami (North 27th Avenue Corridor) ,2000,AR02,AR02,AR02,AR02,AR02,NAV,NAV,mwj
319,,319,Miami (North 27th Avenue Corridor) ,2001,AR02,AR02,AR02,AR02,AR02,NAV,NAV,mwj
320,,320,Minillas Extension ,2003,AR00,AR00,AR00,AR00,AR00,AR00,NAV,mwj
321,b,321b,Newark-Elizabeth Rail Link  (MOS I),1995,AR00,AR00,AR00,AR00,AR00,AR00,NAV,mwj
321,a,321a,Newark-Elizabeth Rail Link ,1999,AR97,AR97,AR97,AR97,AR97,AR97,NAV,mwj
321,b,321b,Newark-Elizabeth Rail Link  (MOS I),2010,AR02,AR02,AR02,AR02,AR02,AR02,AR05,mwj
323,,323,North Corridor Metro Rail Extension ,1998,AR05,AR05,AR05,AR05,AR05,AR05,NAV,mwj
323,,323,North Corridor Metro Rail Extension ,2000,AR12,AR11,AR11,AR11,AR11,NAV,NAV,mwj
324,,324,North Shore LRT Connector ,2001,AR02,BA16,AR02,BA16,AR02,NAV,NAV,mwj
324,,324,North Shore LRT Connector ,2003,AR05,BA16,AR05,BA16,AR05,NAV,AR05,mwj
324,,324,North Shore LRT Connector ,2006,AR10,BA16,AR10,AR10,AR10,AR10,NAV,mwj
324,,324,North Shore LRT Connector ,2009,BA16,BA16,BA16,BA16,NAV,NAV,NAV,mwj
324,,324,North Shore LRT Connector ,2012,BA16,BA16,BA16,BA16,NAV,NAV,BA16,mwj
325,,325,Ogden/Weber State University BRT,2019,PP19,PP19,PP19,PP19,PP19,PP19,PP19,mwj
326,,326,Oklahoma city (Map Links),1996,AR98,AR98,AR98,AR98,AR98,AR98,NAV,mwj
327,,327,Oklahoma city (Map Links) Park Avenue Rail Loop ,1995,AR97,AR97,AR97,AR97,AR97,AR97,NAV,mwj
328,,328,Orlando (I-4 Central Florida Light Rail System) (MOS),1995,AR98,AR98,AR98,AR98,AR98,AR98,AR98,mwj
328,,328,Orlando (I-4 Central Florida Light Rail System) (MOS),1999,AR00,AR00,AR00,AR00,AR00,AR00,NAV,mwj
329,,329,Phase I Airport Busway/Wabash HOV Facility ,1994,AR96,AR96,AR96,AR96,AR96,AR96,AR98,mwj
330,,330,Portal North Bridge Replacement,2016,AR18,PP21,PP21,AR18,AR18,NAV,PP21,mwj
331,,331,Prospect MAX Bus Rapid Transit ,2015,AR17,PP15,PP15,AR17,AR17,PP15,PP15,mwj
332,,332,Provo-Orem Bus Rapid Transit,2013,AR14,AR14,AR14,AR14,AR14,NAV,AR14,mwj
332,,332,Provo-Orem Bus Rapid Transit,2016,AR18,AR18,AR18,AR18,AR18,NAV,NAV,mwj
333,,333,Secaucus Transfer Station ,1994,AR97,AR97,AR97,AR97,AR97,AR97,AR97,mwj
334,,334,South Corridor Rapid Transit Project,2019,PP19,PP19,PP19,PP19,PP19,NAV,PP19,mwj
335,,335,South Extension of the Automated Skyway Express (ASE),1991,AR95,AR95,AR95,AR95,AR95,NAV,AR95,mwj
336,,336,South Miami-Dade Busway Extension ,1998,AR00,AR00,AR00,AR00,AR00,AR00,NAV,mwj
336,,336,South Miami-Dade Busway Extension ,2000,AR02,AR02,AR02,AR02,AR02,AR02,NAV,mwj
337,,337,Southtown BRT ,1995,AR05,AR05,AR05,AR05,AR05,NAV,NAV,mwj
337,,337,Southtown BRT ,2005,AR06,AR06,AR06,AR06,AR06,NAV,NAV,mwj
338,,338,Southtown Corridor ,1995,AR97,AR97,AR97,AR97,AR97,NAV,NAV,mwj
338,b,338b,Southtown Corridor (Segment),1995,AR00,AR00,AR00,AR00,AR00,NAV,NAV,mwj
339,,339,Southwest First Coast Flyer BRT,2015,PP15,PP15,PP15,PP15,PP15,NAV,PP15,mwj
339,,339,Southwest First Coast Flyer BRT,2019,AR21,AR21,NAV,NAV,NAV,NAV,NAV,mwj
340,b,340b,"St. Clair County, Illinois Corridor (IOS-1)",1996,AR97,AR97,AR97,AR97,AR97,AR97,NAV,mwj
340,b,340b,"St. Clair County, Illinois Corridor (IOS-1)",1996,AR05,AR05,AR05,AR05,AR05,AR05,NAV,mwj
340,b,340b,"St. Clair County, Illinois Corridor (IOS-1)",1996,AR99,AR99,AR99,AR99,AR99,NAV,NAV,mwj
340,b,340b,"St. Clair County, Illinois Corridor (IOS-1)",1996,AR05,AR05,AR05,AR05,AR05,AR05,NAV,mwj
340,,340,"St. Clair County, Illinois Corridor ",2001,AR05,AR97,AR97,AR97,NAV,NAV,NAV,mwj
341,,341,St. Claude and Elysian Fields Streetcar Extensions,2018,PP18,PP18,PP18,NAV,NAV,NAV,PP18,mwj
342,,342,Stage II Light Rail Transit Reconstruction Project ,1996,AR05,AR05,AR05,AR05,AR05,AR05,AR05,mwj
342,,342,Stage II Light Rail Transit Reconstruction Project ,1996,AR97,AR97,AR97,AR97,AR97,AR97,NAV,mwj
342,,342,Stage II Light Rail Transit Reconstruction Project ,2001,AR00,AR00,AR00,AR00,AR00,AR00,NAV,mwj
343,,343,Streetcar Expansion ,2017,PP21,PP21,PP21,PP21,PP21,NAV,PP21,mwj
344,,344,SunRail Connector to Orlando Airport ,2015,PP18,PP18,PP18,PP18,PP18,NAV,NAV,mwj
345,,345,SunRail Phase II North,2013,PP14,PP14,PP14,PP14,PP14,NAV,PP14,mwj
346,,346,SunRail Phase II South,2010,AR14,AR14,AR14,AR14,AR14,AR14,AR14,mwj
346,,346,SunRail Phase II South,2015,AR17,AR17,AR17,AR17,AR17,AR17,AR17,mwj
347,,347,Tampa Bay Regional Rail,1999,AR05,AR05,AR05,AR05,AR05,NAV,NAV,mwj
348,,348,Tampa Streetcar Extension Project,2018,PP21,PP21,PP21,PP21,PP21,NAV,PP21,mwj
349,,349,TramLinkBR ,2016,PP18,PP18,PP18,PP18,PP18,NAV,PP18,mwj
350,,350,TRAX Light Rail System- Medical Center Extension ,1998,AR05,AR05,AR05,AR05,AR05,NAV,AR05,mwj
350,,350,TRAX Light Rail System- Medical Center Extension ,2001,AR03,AR03,AR03,AR03,AR03,NAV,NAV,mwj
350,,350,TRAX Light Rail System- Medical Center Extension ,2002,AR05,AR05,AR05,BA07,NAV,NAV,NAV,mwj
350,,350,TRAX Light Rail System- Medical Center Extension ,2003,BA07,BA07,BA07,NAV,NAV,NAV,NAV,mwj
351,,351,Tren Urbano,1996,BA08,BA08,BA08,BA08,BA08,BA08,BA08,mwj
351,,351,Tren Urbano,1999,BA08,BA08,BA08,BA08,BA08,BA08,BA08,mwj
351,,351,Tren Urbano,2005,BA08,BA08,BA08,BA08,BA08,BA08,BA08,mwj
352,,352,Tri-County Commuter Rail ,1995,AR97,AR97,AR97,AR97,AR97,AR97,AR97,mwj
352,b,352b,Tri-County Commuter Rail / Segment 5 ,1997,AR01,AR01,AR01,AR01,AR01,AR01,AR01,mwj
352,b,352b,Tri-County Commuter Rail / Segment 5 ,1999,AR02,AR02,AR02,AR02,AR02,AR02,AR02,mwj
352,b,352b,Tri-County Commuter Rail / Segment 5 ,2000,BA11,BA11,BA11,BA11,BA11,BA11,BA11,mwj
352,b,352b,Tri-County Commuter Rail / Segment 5 ,2004,BA11,BA11,BA11,BA11,BA11,BA11,BA11,mwj
352,b,352b,Tri-County Commuter Rail / Segment 5 ,2006,BA11,BA11,BA11,BA11,BA11,BA11,BA11,mwj
354,,354,Wave Streetcar,2013,AR14,AR14,AR14,AR14,AR14,AR14,AR14,mwj
354,,354,Wave Streetcar,2017,AR19,AR19,AR19,AR18,AR18,NAV,NAV,mwj
354,,354,Wave Streetcar,2018,https://www.sun-sentinel.com/local/broward/fl-sb-wave-streetcARdecision-expenses-20180509-story.html,NAV,NAV,NAV,NAV,NAV,NAV,mwj
401,,401,Atlanta/North Line Extension,1994,AR97,AR97,AR97,AR97,AR97,AR97,AR97,cox
401,,401,Atlanta/North Line Extension,1994,AR00,AR00,AR00,AR00,AR00,AR00,AR00,cox
401,,401,Atlanta/North Line Extension,1999,AR01,AR01,AR01,AR01,AR01,AR01,AR01,cox
401,,401,Atlanta/North Line Extension,2000,Spielberg,Spielberg,Spielberg,Spielberg,Spielberg,Spielberg,Spielberg,cox
402,,402,Baltimore LRT Extensions ,1994,AR97,AR97,AR97,AR97,AR97,AR97,AR97,cox
402,,402,Baltimore LRT Extensions ,1997,Spielberg,Spielberg,Spielberg,Spielberg,Spielberg,Spielberg,Spielberg,cox
403,,403,Baltimore Central Light Rail Double Tracking ,1999,AR00,AR00,AR00,AR00,AR00,AR00,AR00,cox
403,,403,Baltimore Central Light Rail Double Tracking ,2001,AR01,AR01,AR01,AR01,AR01,AR01,AR01,cox
403,,403,Baltimore Central Light Rail Double Tracking ,2001,AR03,AR03,AR03,AR03,AR03,AR03,AR03,cox
403,,403,Baltimore Central Light Rail Double Tracking ,2006,Workman,Workman,Workman,Workman,Workman,Workman,Workman,cox
404,,404,MARC Commuter Rail Improvements,2000,AR01,AR01,AR01,AR01,AR01,AR01,AR01,cox
404,,404,MARC Commuter Rail Improvements,2003,AR03,AR03,AR03,AR03,AR03,AR03,AR03,cox
405,,405,MARC Penn-Camden connection ,2000,AR04,AR04,AR04,AR04,AR04,AR04,AR04,cox
406,,406,MARC Frederick Extension & Rolling Stock Procurement ,1995,AR98,AR98,AR98,AR98,AR98,AR98,AR98,cox
407,,407,Baltimore Red Line,2011,AR13,AR13,AR13,AR13,AR13,AR13,AR13,cox
407,,407,Baltimore Red Line,2012,AR14,AR14,AR14,AR14,AR14,AR14,AR14,cox
407,,407,Baltimore Red Line,2013,AR15,AR15,AR15,AR15,AR15,AR15,AR15,cox
407,,407,Baltimore Red Line,2014,AR16,AR16,AR16,AR16,AR16,AR16,AR16,cox
407,,407,Baltimore Red Line,2015,External Source 1 (See below),NAV,NAV,NAV,NAV,NAV,NAV,cox
408,,408,Maryland National Capital Purple Line,2011,AR13,AR13,AR13,AR13,AR13,AR13,AR13,cox
408,,408,Maryland National Capital Purple Line,2012,AR14,AR14,AR14,AR14,AR14,AR14,AR14,cox
408,,408,Maryland National Capital Purple Line,2014,AR15,AR15,AR15,AR15,AR15,AR15,AR15,cox
408,,408,Maryland National Capital Purple Line,2014,AR16,AR16,AR16,AR16,AR16,AR16,AR16,cox
408,,408,Maryland National Capital Purple Line,2017,PP21,PP21,PP21,PP21,PP21,PP21,PP21,cox
409,a,409a,South Boston Piers Phase I (MOS-2),1993,AR97,AR97,AR97,AR97,AR97,AR97,AR97,cox
409,a,409a,South Boston Piers Phase I (MOS-2),1994,AR98,AR98,AR98,AR98,AR98,AR98,AR98,cox
409,a,409a,South Boston Piers Phase I (MOS-2),1994,AR00,AR00,AR00,AR00,AR00,AR00,AR00,cox
409,a,409a,South Boston Piers Phase I (MOS-2),1994,AR01,AR01,AR01,AR01,AR01,AR01,AR01,cox
409,b,409b,South Boston Piers Phase II,1994,AR97,AR97,AR97,AR97,AR97,AR97,AR97,cox
409,b,409b,South Boston Piers Phase II,1994,AR98,AR98,AR98,AR98,AR98,AR98,AR98,cox
409,b,409b,South Boston Piers Phase II,1994,AR00,AR00,AR00,AR00,AR00,AR00,AR00,cox
409,c,409c,Silver Line Phase III,2002,AR04,AR04,AR04,AR04,AR04,AR04,AR04,cox
409,c,409c,Silver Line Phase III,2002,AR05,AR05,AR05,AR05,AR05,AR05,AR05,cox
409,c,409c,Silver Line Phase III,2002,AR06,AR06,AR06,AR06,AR06,AR06,AR06,cox
409,c,409c,Silver Line Phase III,2004,AR08,AR08,AR08,AR08,AR08,AR08,AR08,cox
409,c,409c,Silver Line Phase III,2006,AR10,AR10,AR10,AR10,AR10,AR10,AR10,cox
409,c,409c,Silver Line Phase III,2008,External Source 2 (see below),NAV,NAV,NAV,NAV,NAV,NAV,cox
409,a,409a,South Boston Piers Phase I (MOS-2),2010,Workman,Workman,Workman,Workman,Workman,Workman,Workman,cox
410,,410,Green Line Extension ,2012,AR14,AR14,AR14,AR14,AR14,AR14,AR14,cox
410,,410,Green Line Extension ,2014,AR15,AR15,AR15,AR15,AR15,AR15,AR15,cox
410,,410,Green Line Extension ,2015,PP21,PP21,PP21,PP21,PP21,AR16,PP21,cox
411,,411,Lowell-Nashua Commuter Rail Extension ,2000,AR02,AR02,AR02,AR02,AR02,AR02,AR02,cox
412,,412,Burlington to Charlotte Corridor ,1996,AR98,AR98,AR98,AR98,AR98,AR98,AR98,cox
413,,413,Burlington-Essex Commuter Rail Project,2002,AR04,AR04,AR04,AR04,AR04,AR01,AR01,cox
414,,414,Queens Connector,1994,AR98,AR98,AR98,AR98,AR98,AR02,AR02,cox
415,,415,Long Island Rail Road Access to Manhattan's East Side ,1998,AR01,AR01,AR01,AR01,AR01,AR04,AR04,cox
415,,415,Long Island Rail Road Access to Manhattan's East Side ,2000,AR02,AR02,AR02,AR02,AR02,AR07,AR07,cox
415,,415,Long Island Rail Road Access to Manhattan's East Side ,2002,AR04,AR04,AR04,AR04,AR04,AR08,AR08,cox
415,,415,Long Island Rail Road Access to Manhattan's East Side ,2002,AR07,AR07,AR07,AR07,AR07,AR06,AR06,cox
415,,415,Long Island Rail Road Access to Manhattan's East Side ,2006,AR08,AR08,AR08,AR08,AR08,AR07,AR07,cox
416,b,416b,Second Avenue Subway MOS,2001,AR06,AR06,AR06,AR06,AR06,AR03,AR03,cox
416,b,416b,Second Avenue Subway MOS,2001,AR07,AR07,AR07,AR07,AR07,AR04,AR04,cox
416,a,416a,Second Avenue Subway Phase 1,2001,AR03,AR03,AR03,AR03,AR03,AR08,AR08,cox
416,a,416a,Second Avenue Subway Phase 1,2001,AR04,AR04,AR04,AR04,AR04,AR10,AR10,cox
416,b,416b,Second Avenue Subway MOS,2006,AR08,AR08,AR08,AR08,AR08,AR08,AR08,cox
416,b,416b,Second Avenue Subway MOS,2007,AR10,AR10,AR10,AR10,AR10,AR10,AR10,cox
416,c,416c,Second Avenue Subway Phase 2,2016,PP22,PP22,PP22,PP22,PP22,PP22,PP22,cox
417,,417,Canarsie Line Power Improvements,2017,PP16,PP16,PP16,PP16,PP16,PP16,PP16,cox
418,,418,Woodhaven Select Bus Service ,2015,PP19,PP19,PP19,PP19,PP19,PP19,PP19,cox
419,,419,Washington/Western Bus Rapid Transit Line,2014,PP17,PP17,PP17,PP17,PP17,PP17,PP17,cox
420,,420,River Corridor/Blue Line Bus Rapid Transit ,2015,PP15,PP15,PP15,PP15,PP15,AR97,AR97,cox
421,,421,Hudson Tunnel,2016,PP21,PP21,PP21,PP21,PP21,PP21,PP21,cox
422,,422,Dallas North Central Corridor LRT,1994,AR97,AR97,AR97,AR97,AR97,AR00,AR00,cox
422,,422,Dallas North Central Corridor LRT,1997,AR98,AR98,AR98,AR98,AR98,Workman,Workman,cox
422,,422,Dallas North Central Corridor LRT,1999,AR00,AR00,AR00,AR00,AR00,AR97,AR97,cox
422,,422,Dallas North Central Corridor LRT,2002,Workman,Workman,Workman,Workman,Workman,AR00,AR00,cox
423,,423,Dallas Trinity Railtran Phase 2,1996,AR97,AR97,AR97,AR97,AR97,AR01,AR01,cox
423,,423,Dallas Trinity Railtran Phase 2,1998,AR00,AR00,AR00,AR00,AR00,Spielberg,Spielberg,cox
423,,423,Dallas Trinity Railtran Phase 2,1999,AR01,AR01,AR01,AR01,AR01,Spielberg,Spielberg,cox
424,,424,Dallas South Oak Cliff Corridor,1993,Spielberg,Spielberg,Spielberg,Spielberg,Spielberg,AR04,AR04,cox
424,,424,Dallas South Oak Cliff Corridor,1996,Spielberg,Spielberg,Spielberg,Spielberg,Spielberg,AR05,AR05,cox
425,,425,Dallas Northwest / Southeast LRT MOS ,2001,AR04,AR04,AR04,AR04,AR04,AR06,AR06,cox
425,,425,Dallas Northwest / Southeast LRT MOS ,2001,AR05,AR05,AR05,AR05,AR05,BA15,BA15,cox
425,,425,Dallas Northwest / Southeast LRT MOS ,2001,AR06,AR06,AR06,AR06,AR06,BA15,BA15,cox
425,,425,Dallas Northwest / Southeast LRT MOS ,2001,BA15,BA15,BA15,BA15,BA15,BA15,BA15,cox
425,,425,Dallas Northwest / Southeast LRT MOS ,2005,BA15,BA15,BA15,BA15,BA15,AR02,AR02,cox
425,,425,Dallas Northwest / Southeast LRT MOS ,2006,BA15,BA15,BA15,BA15,BA15,BA15,BA15,cox
425,,425,Dallas Northwest / Southeast LRT MOS ,2010,AR02,AR02,AR02,AR02,AR02,BA15,BA15,cox
426,,426,Dallas Red and Blue Line Platform Extensions,2017,PP18,PP18,PP18,PP18,PP18,PP18,PP18,cox
427,,427,Dallas CBD Second Light Rail Alignment (D2 Subway),2015,PP15,PP15,PP15,PP15,PP15,AR07,AR07,cox
428,,428,Houston Regional Bus Plan ,1994,AR97,AR97,AR97,AR97,AR97,AR10,AR10,cox
429,,429,Houston North Corridor LRT(MOS) ,2005,AR07,AR07,AR07,AR07,AR07,AR11,AR11,cox
429,,429,Houston North Corridor LRT(MOS) ,2008,AR10,AR10,AR10,AR10,AR10,AR13,AR13,cox
429,,429,Houston North Corridor LRT(MOS) ,2009,AR11,AR11,AR11,AR11,AR11,AR10,AR10,cox
429,,429,Houston North Corridor LRT(MOS) ,2011,AR13,AR13,AR13,AR13,AR13,AR11,AR11,cox
430,,430,Houston Southeast Corridor LRT,2008,AR10,AR10,AR10,AR10,AR10,AR13,AR13,cox
430,,430,Houston Southeast Corridor LRT,2009,AR11,AR11,AR11,AR11,AR11,AR11,AR11,cox
430,,430,Houston Southeast Corridor LRT,2011,AR13,AR13,AR13,AR13,AR13,AR13,AR13,cox
431,,431,Houston University Corridor LRT,2009,AR11,AR11,AR11,AR11,AR11,AR01,AR01,cox
431,,431,Houston University Corridor LRT,2010,AR13,AR13,AR13,AR13,AR13,AR00,AR00,cox
432,,432,Houston Downtown to Astrodome Light Rail,1999,AR01,AR01,AR01,AR01,AR01,AR01,AR01,cox
433,,433,Northwest/North Central Corridor ,1995,AR00,AR00,AR00,AR00,AR00,AR03,AR03,cox
434,,434,Austin Light Rail Corridors,1997,AR01,AR01,AR01,AR01,AR01,AR10,AR10,cox
434,,434,Austin Light Rail Corridors,1997,AR03,AR03,AR03,AR03,AR03,AR11,AR11,cox
435,,435,MetroRapid Bus Rapid Transit Project ,2009,AR10,AR10,AR10,AR10,AR10,BA18,BA18,cox
435,,435,MetroRapid Bus Rapid Transit Project ,2009,AR11,AR11,AR11,AR11,AR11,BA18,BA18,cox
435,,435,MetroRapid Bus Rapid Transit Project ,2012,BA18,BA18,BA18,BA18,BA18,AR13,AR13,cox
435,,435,MetroRapid Bus Rapid Transit Project ,2014,BA18,BA18,BA18,BA18,BA18,AR14,AR14,cox
436,,436,Dyer Avenue Bus Rapid Transit System,2011,AR13,AR13,AR13,AR13,AR13,AR15,AR15,cox
436,,436,Dyer Avenue Bus Rapid Transit System,2012,AR14,AR14,AR14,AR14,AR14,AR16,AR16,cox
436,,436,Dyer Avenue Bus Rapid Transit System,2014,AR15,AR15,AR15,AR15,AR15,AR14,AR14,cox
436,,436,Dyer Avenue Bus Rapid Transit System,2014,AR16,AR16,AR16,AR16,AR16,AR16,AR16,cox
437,,437,Montana Avenue Rapid Transit System,2013,AR14,AR14,AR14,AR14,AR14,PP14,PP14,cox
437,,437,Montana Avenue Rapid Transit System,2014,AR16,AR16,AR16,AR16,AR16,AR05,AR05,cox
437,,437,Montana Avenue Rapid Transit System,2015,PP14,PP14,PP14,PP14,PP14,AR14,AR14,cox
438,,438,Sun Metro Areas Rapid Transit (SMART) Starter Line ,2003,AR05,AR05,AR05,AR05,AR05,AR15,AR15,cox
439,,439,TEX Rail,2012,AR14,AR14,AR14,AR14,AR14,AR16,AR16,cox
439,,439,TEX Rail,2014,AR15,AR15,AR15,AR15,AR15,PP15,PP15,cox
439,,439,TEX Rail,2014,AR16,AR16,AR16,AR16,AR16,PP17,PP17,cox
439,,439,TEX Rail,2015,PP15,PP15,PP15,PP15,PP15,PP20,PP20,cox
439,,439,TEX Rail,2016,PP17,PP17,PP17,PP17,PP17,PP17,PP17,cox
439,,439,TEX Rail,2019,PP20,PP20,PP20,PP20,PP20,AR03,AR03,cox
440,,440,San Antonio Modern Streetcar Project,2013,PP14,PP14,PP14,PP14,PP14,PP14,PP14,cox
441,,441,Rail Trolley Extension ,2001,AR03,AR03,AR03,AR03,AR03,AR97,AR97,cox
442,,442,Waco Rapid Transit Corridor,2019,PP19,PP19,PP19,PP19,PP19,PP19,PP19,cox
443,,443,Denver SW Corridor LRT,1996,AR97,AR97,AR97,AR97,AR97,Spielberg,Spielberg,cox
443,,443,Denver SW Corridor LRT,1996,AR00,AR00,AR00,AR00,AR00,AR04,AR04,cox
443,,443,Denver SW Corridor LRT,2000,Spielberg,Spielberg,Spielberg,Spielberg,Spielberg,AR05,AR05,cox
444,,444,Denver West Corridor LRT,2001,AR04,AR04,AR04,AR04,AR04,AR06,AR06,cox
444,,444,Denver West Corridor LRT,2001,AR05,AR05,AR05,AR05,AR05,AR07,AR07,cox
444,,444,Denver West Corridor LRT,2001,AR06,AR06,AR06,AR06,AR06,AR08,AR08,cox
444,,444,Denver West Corridor LRT,2001,AR07,AR07,AR07,AR07,AR07,AR09,AR09,cox
444,,444,Denver West Corridor LRT,2005,AR08,AR08,AR08,AR08,AR08,AR10,AR10,cox
444,,444,Denver West Corridor LRT,2006,AR09,AR09,AR09,AR09,AR09,AR02,AR02,cox
444,,444,Denver West Corridor LRT,2008,AR10,AR10,AR10,AR10,AR10,AR10,AR10,cox
444,,444,Denver West Corridor LRT,2009,AR02,AR02,AR02,AR02,AR02,AR11,AR11,cox
445,,445,Denver Eagle Commuter Rail (East Corridor and Gold Line),2009,AR10,AR10,AR10,AR10,AR10,AR12,AR12,cox
445,,445,Denver Eagle Commuter Rail (East Corridor and Gold Line),2009,AR11,AR11,AR11,AR11,AR11,PP15,PP15,cox
445,,445,Denver Eagle Commuter Rail (East Corridor and Gold Line),2010,AR12,AR12,AR12,AR12,AR12,AR01,AR01,cox
445,,445,Denver Eagle Commuter Rail (East Corridor and Gold Line),2011,PP17,PP17,PP17,PP17,PP17,PP17,PP17,cox
446,,446,Denver Southeast Corridor LRT ,1998,AR01,AR01,AR01,AR01,AR01,Workman,Workman,cox
446,,446,Denver Southeast Corridor LRT ,2000,AR02,AR02,AR02,AR02,AR02,AR14,AR14,cox
446,,446,Denver Southeast Corridor LRT ,2006,Workman,Workman,Workman,Workman,Workman,AR16,AR16,cox
447,,447,Denver Southeast Rail Extension,2013,AR14,AR14,AR14,AR14,AR14,PP15,PP15,cox
447,,447,Denver Southeast Rail Extension,2014,AR16,AR16,AR16,AR16,AR16,NA,AR00,zi
447,,447,Denver Southeast Rail Extension,2015,PP15,PP15,PP15,PP15,PP15,PP15,PP15,zi
501,,501,Douglas Branch Reconstruction,1999,AR00,AR00,AR00,AR00,AR00,AR02,AR02,zi
501,,501,Douglas Branch Reconstruction,1999,AR01,AR01,AR01,AR01,AR01,AR02,AR02,zi
501,,501,Douglas Branch Reconstruction,2000,AR02,AR02,AR02,AR01,AR01,AR07,NAV,zi
501,,501,Douglas Branch Reconstruction,2001,AR02,AR02,AR02,AR02,AR02,AR03,AR03,zi
501,,501,Douglas Branch Reconstruction,2005,AR07,AR07,AR07,AR07,AR07,AR04,AR04,zi
502,,502,Union-Pacific West Line Extension,1998,AR03,AR03,AR03,AR03,AR03,NA,NA,zi
502,,502,Union-Pacific West Line Extension,1998,AR04,AR04,AR04,AR04,AR04,NA,NA,zi
502,,502,Union-Pacific West Line Extension,1998,AR00,AR00,AR00,AR00,AR00,NA,NA,zi
502,,502,Union-Pacific West Line Extension,2001,AR01,AR01,AR01,AR01,AR01,NA,AR00,zi
502,,502,Union-Pacific West Line Extension,2001,AR02,AR02,AR02,AR02,AR02,AR01,AR01,zi
503,,503,Little Rock River Rail Project,1998,AR00,AR00,AR00,AR00,AR00,AR02,AR02,zi
503,,503,Little Rock River Rail Project,1998,AR01,AR01,AR01,AR01,AR01,AR04,AR04,zi
503,,503,Little Rock River Rail Project,1999,AR02,AR02,AR02,AR02,AR02,AR05,AR05,zi
503,,503,Little Rock River Rail Project,1999,AR04,AR04,AR04,AR04,AR04,AR06,AR06,zi
503,,503,Little Rock River Rail Project,2003,AR05,AR05,AR05,AR05,AR05,AR05,AR05,zi
503,,503,Little Rock River Rail Project,2003,AR06,AR06,AR06,AR06,AR06,AR07,AR06,zi
504,,504,Central Phoenix East Valley Light Rail,1998,AR05,AR05,AR05,AR05,AR05,AR08,BA,zi
504,,504,Central Phoenix East Valley Light Rail,1998,AR06,AR06,AR06,AR06,AR06,NA,NA,zi
504,,504,Central Phoenix East Valley Light Rail,1998,BA13,BA13,BA13,BA13,AR08,NA,NA,zi
504,,504,Central Phoenix East Valley Light Rail,1998,AR00,AR00,AR00,AR00,AR00,AR02,NA,zi
504,,504,Central Phoenix East Valley Light Rail,2003,AR01,AR01,AR01,AR01,AR01,AR03,NA,zi
504,,504,Central Phoenix East Valley Light Rail,2005,AR02,AR02,AR02,AR02,AR02,NA,PP17,zi
504,,504,Central Phoenix East Valley Light Rail,2008,AR03,AR03,BA13,AR03,AR03,NA,PP18,zi
505,,505,South Central Phoenix LRT/Downtown Hub,2017,PP17,PP17,PP17,PP17,PP17,NA,PP19,zi
505,,505,South Central Phoenix LRT/Downtown Hub,2017,AR18,AR18,PP18,AR18,AR18,PP20,PP20,zi
505,,505,South Central Phoenix LRT/Downtown Hub,2017,PP19,PP19,PP19,PP19,PP19,PP21,PP21,zi
505,,505,South Central Phoenix LRT/Downtown Hub,2017,PP20,PP20,PP20,PP20,PP20,PP22,PP22,zi
505,,505,South Central Phoenix LRT/Downtown Hub,2019,PP21,PP21,PP21,PP21,PP21,PP19,PP19,zi
505,,505,South Central Phoenix LRT/Downtown Hub,2021,PP22,PP22,PP22,PP22,PP22,PP20,PP20,zi
506,,506,Northwest Phase II LRT Extension,2017,PP19,PP19,PP19,PP19,PP19,PP21,PP21,zi
506,,506,Northwest Phase II LRT Extension,2017,PP20,PP20,PP20,PP20,PP20,PP22,PP22,zi
506,,506,Northwest Phase II LRT Extension,2017,PP21,PP21,PP21,PP21,PP21,AR10,AR10,zi
506,,506,Northwest Phase II LRT Extension,2020,PP22,PP22,PP22,PP22,PP22,NA,AR11,zi
507,,507,Modern StreetcARProject,2007,AR10,AR10,AR10,AR10,AR10,AR12,AR12,zi
507,,507,Modern StreetcARProject,2009,AR11,AR11,AR11,AR11,AR11,NAV,NAV,zi
507,,507,Modern StreetcARProject,2009,AR12,AR12,AR12,AR12,AR12,AR14,AR14,zi
508,,508,Tempe Streetcar,2013,AR14,AR14,AR14,AR14,AR14,AR21,AR21,zi
508,,508,Tempe Streetcar,2013,AR15,AR15,AR15,AR15,AR15,PP17,PP17,zi
508,,508,Tempe Streetcar,2013,AR21,AR21,PP15,PP15,PP15,AR13,AR13,zi
508,,508,Tempe Streetcar,2019,PP17,PP17,PP17,PP17,PP17,AR14,AR14,zi
509,,509,Central Mesa Light Rail Transit Extension,2010,BA19,BA19,AR13,BA19,AR13,NAV,NAV,zi
509,,509,Central Mesa Light Rail Transit Extension,2012,BA19,AR14,AR14,AR14,AR14,PP18,PP18,zi
509,,509,Central Mesa Light Rail Transit Extension,2015,BA19,BA19,AR14,BA19,NAV,AR10,AR10,zi
510,,510,Transit Spine BRT,2016,PP18,PP18,PP18,PP18,PP18,BA14,BA14,zi
511,,511,Mountain Link BRT Project,2009,BA14,BA14,AR10,AR10,AR10,BA14,BA14,zi
511,,511,Mountain Link BRT Project,2011,BA14,BA14,BA14,BA14,AR10,AR07,AR07,zi
511,,511,Mountain Link BRT Project,2011,BA14,BA14,BA14,BA14,BA14,AR08,AR08,zi
512,,512,Northstar Corridor Rail,2000,AR06,AR06,AR07,AR06,AR07,AR10,AR10,zi
512,,512,Northstar Corridor Rail,2000,AR08,AR08,AR08,AR08,AR08,NAV,BA13,zi
512,,512,Northstar Corridor Rail,2000,AR10,AR10,AR10,AR10,AR10,NA,NAV,zi
512,,512,Northstar Corridor Rail,2000,BA13,BA13,BA13,BA13,AR10,NA,NAV,zi
512,,512,Northstar Corridor Rail,2006,AR02,AR02,AR02,AR02,AR02,NA,NAV,zi
512,,512,Northstar Corridor Rail,2007,AR03,AR03,AR03,AR03,AR03,NA,AR13,zi
512,,512,Northstar Corridor Rail,2009,AR04,AR04,AR03,AR04,AR04,NA,PP14,zi
513,,513,Southwest Light Rail Transit,2011,AR13,AR13,AR13,AR13,AR13,NA,PP16,zi
513,,513,Southwest Light Rail Transit,2014,PP14,PP14,PP14,PP14,PP14,PP21,PP21,zi
513,,513,Southwest Light Rail Transit,2016,PP16,PP16,PP16,PP16,PP16,NA,PP16,zi
513,,513,Southwest Light Rail Transit,2020,PP21,PP21,PP21,PP21,PP21,NA,PP18,zi
514,,514,METRO Blue Line Extension,2014,PP16,PP16,PP16,PP16,PP16,NA,PP22,zi
514,,514,METRO Blue Line Extension,2016,PP18,PP18,PP18,PP18,PP18,NA,PP16,zi
514,,514,METRO Blue Line Extension,2016,PP22,PP22,PP22,PP22,PP22,PP20,PP20,zi
515,,515,METRO Orange Line Bus Rapid Transit Project,2014,PP16,PP16,PP16,PP16,PP16,PP16,PP16,zi
515,,515,METRO Orange Line Bus Rapid Transit Project,2014,PP20,PP20,PP20,PP20,PP20,NA,AR00,zi
515,,515,METRO Orange Line Bus Rapid Transit Project,2020,AR21,AR21,PP18,PP18,PP18,PP18,PP18,zi
516,,516,Hiawatha Corridor LRT,1999,AR00,AR00,AR00,AR00,AR00,AR02,AR02,zi
516,,516,Hiawatha Corridor LRT,2000,AR02,AR02,AR01,AR01,AR01,NAV,NAV,zi
516,,516,Hiawatha Corridor LRT,2001,AR02,AR02,AR02,AR02,AR02,AR08,AR08,zi
517,,517,Central Corridor LRT,2006,AR08,AR08,AR08,AR08,AR08,AR12,AR12,zi
517,,517,Central Corridor LRT,2006,AR10,AR10,AR10,AR10,AR10,AR13,AR13,zi
517,,517,Central Corridor LRT,2010,AR12,AR12,AR12,AR12,AR12,AR13,BA20,zi
517,,517,Central Corridor LRT,2011,AR13,AR13,AR13,AR13,AR13,PP19,PP19,zi
517,,517,Central Corridor LRT,2014,BA20,BA20,BA20,BA20,AR13,PP22,PP22,zi
518,,518,METRO Gold Bus Rapid Transit,2018,PP19,PP19,PP19,PP19,PP19,PP22,PP22,zi
518,,518,METRO Gold Bus Rapid Transit,2018,PP22,PP22,PP22,PP22,PP22,AR07,AR07,zi
519,,519,Rochester Downtown Circulator Bus Rapid Transit,2020,PP22,PP22,PP22,PP22,PP22,AR08,AR08,zi
520,,520,Wilmington to Newark Commuter Rail Improvements,2004,AR07,AR07,AR07,AR07,AR07,AR10,AR10,zi
520,,520,Wilmington to Newark Commuter Rail Improvements,2004,AR08,AR08,AR08,AR08,AR08,NAV,NAV,zi
520,,520,Wilmington to Newark Commuter Rail Improvements,2007,AR10,AR10,AR10,AR10,AR10,NA,AR10,zi
521,,521,LYNX Blue Line Extension - Northeast Corridor,2007,AR10,AR10,AR10,AR10,AR10,NA,AR13,zi
521,,521,LYNX Blue Line Extension - Northeast Corridor,2007,AR12,AR12,AR12,AR12,AR12,NA,AR15,zi
521,,521,LYNX Blue Line Extension - Northeast Corridor,2007,AR13,AR13,AR13,AR13,AR13,NA,AR15,zi
521,,521,LYNX Blue Line Extension - Northeast Corridor,2012,AR15,AR13,AR15,AR15,AR15,NA,NAV,zi
521,,521,LYNX Blue Line Extension - Northeast Corridor,2012,AR15,AR13,AR15,AR15,AR15,NA,AR15,zi
522,,522,CityLYNX Gold Line Phase 2 Streetcar,2014,AR15,AR15,AR15,AR15,AR15,NA,PP16,zi
522,,522,CityLYNX Gold Line Phase 2 Streetcar,2014,PP16,PP16,PP16,PP16,PP16,NA,PP16,zi
522,,522,CityLYNX Gold Line Phase 2 Streetcar,2016,AR18,AR18,PP16,PP16,PP16,AR07,AR06,zi
523,,523,Blue Line Capacity Expansion,2015,PP16,PP16,PP16,PP16,PP16,NA,BA11,zi
524,,524,South Corridor Light Rail Project,2000,AR06,AR06,AR06,AR06,AR06,NA,BA11,zi
524,,524,South Corridor Light Rail Project,2000,AR02,AR02,AR02,AR02,AR02,NA,BA11,zi
524,,524,South Corridor Light Rail Project,2000,AR03,AR03,NAV,AR03,AR03,NA,BA11,zi
524,,524,South Corridor Light Rail Project,2003,AR04,AR04,NAV,AR04,AR04,AR07,BA11,zi
524,,524,South Corridor Light Rail Project,2003,AR05,AR05,AR05,AR05,AR05,AR07,BA11,zi
524,,524,South Corridor Light Rail Project,2005,BA11,BA11,AR07,BA11,AR07,AR07,BA11,zi
524,,524,South Corridor Light Rail Project,2007,AR07,BA11,AR07,BA11,AR07,AR15,AR15,zi
524,,524,South Corridor Light Rail Project,2009,BA11,BA11,BA11,BA11,AR07,NAV,NAV,zi
525,,525,Durham-Orange LRT,2014,AR15,AR15,AR15,AR15,AR15,PP17,PP17,zi
525,,525,Durham-Orange LRT,2017,PP17,PP17,PP17,PP17,PP17,AR02,AR02,zi
526,,526,Research Triangle Regional Rail System,1998,AR00,AR00,AR00,AR00,AR00,AR02,AR03,zi
526,,526,Research Triangle Regional Rail System,1998,AR02,AR02,AR02,AR02,AR02,AR02,AR04,zi
526,,526,Research Triangle Regional Rail System,1998,AR03,AR03,AR03,AR03,AR03,AR05,AR05,zi
526,,526,Research Triangle Regional Rail System,1998,AR04,AR04,AR04,AR04,AR04,AR06,AR06,zi
526,,526,Research Triangle Regional Rail System,2004,AR05,AR05,AR05,AR05,AR05,AR07,AR07,zi
526,,526,Research Triangle Regional Rail System,2004,AR05,AR06,AR07,AR06,AR06,NAV,NAV,zi
526,,526,Research Triangle Regional Rail System,2004,AR07,AR07,AR07,AR07,AR07,NA,PP18,zi
526,,526,Research Triangle Regional Rail System,2006,AR08,AR09,NAV,NAV,NAV,NA,PP21,zi
527,,527,North-South BRT,2016,PP18,PP18,PP18,PP18,PP18,PP21,PP21,zi
527,,527,North-South BRT,2016,PP21,PP21,PP21,PP21,PP21,PP22,PP22,zi
528,,528,Wake Bus Rapid Transit: New Bern Avenue Project,2019,PP21,PP21,PP21,PP21,PP21,PP19,PP19,zi
529,,529,Lowcountry Rapid Transit Project,2020,PP22,PP22,PP22,PP22,PP22,PP20,PP20,zi
530,,530,IndyGO Purple Line BRT,2017,PP19,PP19,PP19,PP19,PP19,PP21,PP21,zi
530,,530,IndyGO Purple Line BRT,2017,PP20,PP20,PP20,PP20,PP20,NAV,NAV,zi
530,,530,IndyGO Purple Line BRT,2017,PP21,PP21,PP21,PP21,PP21,PP18,PP18,zi
531,,531,Red Line All-Electric BRT,2015,PP18,PP18,PP18,PP18,PP18,PP21,PP21,zi
532,,532,IndyGO Blue Line Rapid Transit,2019,PP20,PP20,PP20,PP20,PP20,NA,PP18,zi
532,,532,IndyGO Blue Line Rapid Transit,2019,PP21,PP21,PP21,PP21,PP21,NA,PP19,zi
533,,533,West Lake Corridor,2016,PP18,PP18,PP18,PP18,PP18,NA,PP20,zi
533,,533,West Lake Corridor,2016,PP19,PP19,PP19,PP19,PP19,NA,PP21,zi
533,,533,West Lake Corridor,2016,PP20,PP20,PP20,PP20,PP20,NA,PP22,zi
533,,533,West Lake Corridor,2019,PP21,PP21,PP21,PP21,PP21,NA,PP19,zi
533,,533,West Lake Corridor,2020,PP22,PP22,PP22,PP22,PP22,NA,PP21,zi
534,,534,South Shore Line /Double Track Northwest Indiana,2016,PP19,PP19,PP19,PP19,PP19,NA,PP22,zi
534,,534,South Shore Line /Double Track Northwest Indiana,2020,PP21,PP21,PP21,PP21,PP21,AR01,AR01,zi
534,,534,South Shore Line /Double Track Northwest Indiana,2021,PP22,PP22,PP22,PP22,PP22,AR02,AR02,zi
535,,535,New Britain Hartford Busway,2000,AR01,AR01,AR01,AR01,AR01,AR03,AR03,zi
535,,535,New Britain Hartford Busway,2000,AR02,AR02,AR02,AR02,AR02,AR05,AR05,zi
535,,535,New Britain Hartford Busway,2000,AR03,AR03,AR03,AR03,AR03,AR07,AR07,zi
535,,535,New Britain Hartford Busway,2000,AR05,AR05,AR05,AR05,AR05,AR08,AR08,zi
535,,535,New Britain Hartford Busway,2000,AR07,AR07,AR07,AR07,AR07,AR10,AR10,zi
535,,535,New Britain Hartford Busway,2006,AR08,AR08,AR08,AR08,AR08,AR12,AR12,zi
535,,535,New Britain Hartford Busway,2006,AR10,AR10,AR10,AR10,AR10,AR13,AR13,zi
535,,535,New Britain Hartford Busway,2006,AR12,AR12,AR12,AR12,AR12,AR15,AR15,zi
535,,535,New Britain Hartford Busway,2011,AR13,AR13,AR13,AR13,AR13,NAV,NAV,zi
535,,535,New Britain Hartford Busway,2011,AR15,AR15,AR15,AR15,AR15,AR08,AR08,zi
536,,536,Urban Transitway Phase II,2006,AR08,AR08,AR08,AR08,AR08,AR13,NAV,zi
536,,536,Urban Transitway Phase II,2007,AR10,AR10,AR10,AR10,AR10,AR02,AR02,zi
537,,537,Urban Transitway Phase I,2000,AR02,AR02,AR02,AR02,AR02,NAV,NAV,zi
537,,537,Urban Transitway Phase I,2003,AR06,AR06,AR06,AR06,AR06,AR03,AR03,zi
538,,538,Bridgeport Innermodal Transportation Center Phase 2B and 3,2001,AR02,AR03,AR03,AR03,AR03,AR13,AR13,zi
539,,539,High Capacity Transit Corridor Project,2009,AR11,AR11,AR11,AR11,AR11,AR14,AR14,zi
539,,539,High Capacity Transit Corridor Project,2011,AR13,AR13,AR13,AR13,AR13,NAV,AR03,zi
539,,539,High Capacity Transit Corridor Project,2012,AR14,AR14,AR14,AR14,AR14,NAV,AR04,zi
540,,540,Primary Corridor Transportation Project,2001,AR03,AR03,NAV,AR03,AR03,AR05,AR05,zi
540,,540,Primary Corridor Transportation Project,2001,AR04,AR04,NAV,AR04,AR04,AR06,AR06,zi
540,,540,Primary Corridor Transportation Project,2003,AR05,AR05,AR05,AR05,AR05,AR10,AR10,zi
540,,540,Primary Corridor Transportation Project,2004,AR06,AR06,AR06,AR06,AR06,AR13,AR13,zi
541,,541,Division Avenue/Silver Line BRT,2007,AR10,AR10,AR10,AR10,AR10,AR14,AR14,zi
541,,541,Division Avenue/Silver Line BRT,2007,AR13,AR13,AR13,AR13,AR13,NAV,Other,zi
541,,541,Division Avenue/Silver Line BRT,2012,AR14,AR14,AR14,AR14,AR14,PP16,PP16,zi
542,,542,Laker Line BRT,2015,PP16,PP16,PP16,PP16,PP16,PP18,PP18,zi
542,,542,Laker Line BRT,2015,PP17,PP17,PP17,PP17,PP17,PP19,PP19,zi
542,,542,Laker Line BRT,2015,PP18,PP18,PP18,PP18,PP18,AR14,AR14,zi
542,,542,Laker Line BRT,2019,AR20,AR20,PP19,PP19,PP19,PP17,PP17,zi
543,,543,Michigan/Grand River BRT,2013,AR14,AR14,AR14,AR14,AR14,PP18,PP18,zi
543,,543,Michigan/Grand River BRT,2013,PP17,PP17,PP17,PP17,PP17,AR15,AR15,zi
543,,543,Michigan/Grand River BRT,2013,PP18,PP18,PP18,PP18,PP18,PP17,PP17,zi
544,,544,Central Avenue Corridor/Albuquerque Rapid Transit BRT Project,2014,AR15,AR15,AR15,AR15,AR15,PP18,PP18,zi
544,,544,Central Avenue Corridor/Albuquerque Rapid Transit BRT Project,2014,PP17,PP17,PP17,PP17,PP17,AR15,AR15,zi
544,,544,Central Avenue Corridor/Albuquerque Rapid Transit BRT Project,2019,AR20,AR20,PP18,PP18,PP18,AR18,AR18,zi
545,,545,4th Street/Prater Way BRT Project,2013,AR15,AR15,AR15,AR15,AR15,PP17,PP17,zi
545,,545,6th Street/Prater Way BRT Project,2013,AR18,AR18,AR18,AR18,AR18,AR21,AR21,zi
545,,545,5th Street/Prater Way BRT Project,2016,PP17,PP17,PP17,PP17,PP17,NA,PP16,zi
546,,546,Virginia Street BRT Extension Project,2014,AR21,AR21,AR21,AR21,AR21,NA,PP17,zi
546,,546,Virginia Street BRT Extension Project,2014,PP16,PP16,PP16,PP16,PP16,PP19,PP19,zi
546,,546,Virginia Street BRT Extension Project,2014,PP17,PP17,PP17,PP17,PP17,PP17,PP20,zi
546,,546,Virginia Street BRT Extension Project,2014,PP19,PP19,PP19,PP19,PP19,AR00,AR00,zi
546,,546,Virginia Street BRT Extension Project,2020,PP20,PP20,PP20,PP20,PP20,AR02,AR02,zi
547,,547,Resort Corridor Fixed Guideway,1998,AR00,AR00,AR00,AR00,AR00,NAV,AR03,zi
547,,547,Resort Corridor Fixed Guideway,1998,AR02,AR02,AR02,AR02,AR02,NAV,AR04,zi
547,,547,Resort Corridor Fixed Guideway,1998,AR03,AR03,AR03,AR03,AR03,AR06,AR06,zi
547,,547,Resort Corridor Fixed Guideway,1998,AR04,AR04,AR04,AR04,AR04,NAV,NAV,zi
547,,547,Resort Corridor Fixed Guideway,2005,AR06,AR06,AR06,AR06,AR06,NA,PP21,zi
547,,547,Resort Corridor Fixed Guideway,2005,AR07,AR07,NAV,NAV,NAV,AR15,AR15,zi
548,,548,Maryland Parkway High Capacity Transit Project,2020,PP21,PP21,PP21,PP21,PP21,NAV,NAV,zi
549,,549,East-West Connector BRT Project/ The AMP,2014,AR15,AR15,AR15,AR15,AR15,AR01,AR01,zi
550,,550,East Corridor Commuter Rail,1999,AR01,AR01,AR01,AR01,AR01,AR02,AR03,zi
550,,550,East Corridor Commuter Rail,1999,AR02,AR02,AR02,AR02,AR02,NAV,AR04,zi
550,,550,East Corridor Commuter Rail,2001,AR03,AR03,AR07,AR03,AR03,AR07,AR07,zi
550,,550,East Corridor Commuter Rail,2001,AR04,AR04,AR07,AR04,AR04,NA,AR00,zi
550,,550,East Corridor Commuter Rail,2003,AR07,AR07,AR07,AR07,AR07,NA,AR01,zi
551,,551,Medical Center Extension,1998,AR00,AR00,AR00,AR00,AR00,NA,AR02,zi
551,,551,Medical Center Extension,1998,AR01,AR01,AR01,AR01,AR01,NA,Other,zi
551,,551,Medical Center Extension,2000,AR02,AR02,AR02,AR02,AR02,NA,PP22,zi
552,,552,Memphis Innovation Corridor Project,2020,PP22,PP22,PP22,PP22,PP22,NAV,AR03,zi
553,,553,Dulles Corridor Metrorail Project Extension to Wiehle Avenue ,2000,AR01,AR01,AR01,AR01,AR01,AR04,AR04,zi
553,,553,Dulles Corridor Metrorail Project Extension to Wiehle Avenue ,2000,AR01,AR01,AR01,AR03,AR03,NA,AR07,zi
553,,553,Dulles Corridor Metrorail Project Extension to Wiehle Avenue ,2000,AR01,AR01,AR01,AR04,AR04,AR08,AR08,zi
553,,553,Dulles Corridor Metrorail Project Extension to Wiehle Avenue ,2004,AR07,AR07,AR07,AR07,AR07,AR10,AR10,zi
553,,553,Dulles Corridor Metrorail Project Extension to Wiehle Avenue ,2004,AR08,AR08,AR08,AR08,AR08,AR10,AR10,zi
553,,553,Dulles Corridor Metrorail Project Extension to Wiehle Avenue ,2008,AR10,AR10,AR10,AR10,AR10,PP19,PP19,zi
553,,553,Dulles Corridor Metrorail Project Extension to Wiehle Avenue ,2009,AR10,AR10,AR10,AR10,AR10,PP21,PP21,zi
554,,554,East West Corridor BRT,2016,PP19,PP19,PP19,PP19,PP19,PP22,PP22,zi
554,,554,East West Corridor BRT,2016,PP21,PP21,PP21,PP21,PP21,AR12,AR12,zi
555,,555,Madison East West Bus Rapid Transit,2020,PP22,PP22,PP22,PP22,PP22,NAV,NAV,zi
556,,556,Pawtucket Central Falls Commuter Rail Station,2010,AR12,AR12,AR12,AR12,AR12,AR07,AR07,zi
557,,557,Rhode Island Commuter Rail Improvement,2001,AR03,AR03,NAV,AR03,AR03,AR11,AR11,zi
558,,558,South County Commuter Rail,2004,AR07,AR07,AR07,AR07,AR07,AR12,AR12,zi
558,,558,South County Commuter Rail,2007,AR09,AR09,AR11,AR09,AR09,NAV,NAV,zi
558,,558,South County Commuter Rail,2010,AR12,AR12,AR12,AR12,AR12,NAV,NAV,zi
559,,559,Transportation Tomorrow South Central Corridor LRT,2001,AR02,AR02,AR02,AR02,NAV,NA,PP22,zi
559,,559,Transportation Tomorrow South Central Corridor LRT,2001,AR03,AR03,AR03,AR03,AR03,,,
560,,560,Wake BRT - Western Corridor Project,2020,AR20,PP22,PP22,PP22,PP22,,,